filename,config_num,distribution_group,regular_info_count,misinformation_count,total_posts,num_agents,run_mean_raw_diff,run_median_raw_diff,run_pct_positive_raw,run_std_raw_diff,run_mean_norm_diff,run_median_norm_diff,run_pct_positive_norm,run_std_norm_diff,normal_run_mean_norm_diff,normal_run_median_norm_diff,normal_run_pct_positive_norm,normal_n_agents,gullible_run_mean_norm_diff,gullible_run_median_norm_diff,gullible_run_pct_positive_norm,gullible_n_agents,stubborn_run_mean_norm_diff,stubborn_run_median_norm_diff,stubborn_run_pct_positive_norm,stubborn_n_agents
hyp2-config-0s-0.json,0,random,156,432,588,300,432.1666666666667,249.5,1.0,814.7377353974042,-0.6279071699905032,-0.3891559829059829,0.043333333333333335,0.740785030474078,-0.31449252136752137,-0.27857905982905984,0.03,100,-0.2180074786324786,-0.14975071225071218,0.06,100,-1.35122150997151,-1.4583333333333333,0.04,100
hyp2-config-100s-0.json,100,equal,50,450,500,300,774.3566666666667,395.0,1.0,1159.134276240999,-0.825162962962963,-0.6333333333333333,0.05333333333333334,0.9667400514323929,-0.5055777777777777,-0.3944444444444444,0.06,100,-0.34357777777777776,-0.36666666666666675,0.05,100,-1.6263333333333332,-1.718888888888889,0.05,100
hyp2-config-101s-0.json,101,equal,50,450,500,300,763.9433333333334,400.0,1.0,1116.2372682000084,-0.2952962962962963,-0.21666666666666667,0.09666666666666666,0.5529686768687979,-0.11615555555555555,-0.08000000000000007,0.13,100,-0.11724444444444444,-0.08111111111111119,0.13,100,-0.6524888888888889,-0.5655555555555556,0.03,100
hyp2-config-102s-0.json,102,equal,50,450,500,300,708.3466666666667,396.0,1.0,1143.614255349687,-0.9152,-0.5211111111111111,0.04,1.0711685341205783,-0.4525111111111111,-0.3111111111111111,0.05,100,-0.42297777777777784,-0.27222222222222225,0.02,100,-1.8701111111111113,-1.9611111111111108,0.05,100
hyp2-config-103s-0.json,103,equal,50,450,500,300,736.3233333333334,401.0,1.0,1242.4820794878224,-0.7224222222222223,-0.3555555555555556,0.04666666666666667,1.0342894013544564,-0.29104444444444444,-0.23888888888888893,0.03,100,-0.1782222222222222,-0.21999999999999997,0.06,100,-1.6979999999999997,-1.6755555555555557,0.05,100
hyp2-config-104s-0.json,104,equal,50,450,500,300,715.4666666666667,425.5,1.0,880.254631499589,-0.4862222222222222,-0.3833333333333334,0.02666666666666667,0.5181809840857285,-0.3842222222222222,-0.33444444444444443,0.01,100,-0.3612888888888889,-0.32000000000000006,0.04,100,-0.7131555555555557,-0.5277777777777777,0.03,100
hyp2-config-105s-0.json,105,equal,50,450,500,300,747.82,422.5,1.0,993.2302226492842,-0.3930518518518519,-0.12222222222222223,0.14666666666666667,0.6856752121064611,-0.1147111111111111,-0.04555555555555557,0.27,100,-0.1998666666666667,-0.09000000000000008,0.08,100,-0.8645777777777778,-0.8488888888888888,0.09,100
hyp2-config-106s-0.json,106,equal,50,450,500,300,657.0966666666667,397.5,1.0,988.3587019572758,-0.5736222222222221,-0.5322222222222222,0.07666666666666666,0.6118825566227719,-0.48213333333333336,-0.4788888888888889,0.15,100,-0.3182222222222222,-0.2811111111111112,0.06,100,-0.9205111111111112,-0.9166666666666663,0.02,100
hyp2-config-107s-0.json,107,equal,50,450,500,300,739.6666666666666,395.0,1.0,1160.2351460815596,-0.7033777777777778,-0.6466666666666665,0.06,0.7645712658276772,-0.39833333333333343,-0.3933333333333332,0.07,100,-0.4729555555555555,-0.37222222222222223,0.07,100,-1.2388444444444444,-1.0622222222222222,0.04,100
hyp2-config-108s-0.json,108,equal,50,450,500,300,780.1333333333333,402.0,1.0,1131.886788166692,-0.39543703703703703,-0.38222222222222235,0.043333333333333335,0.5547937273277214,-0.28500000000000003,-0.31666666666666654,0.05,100,-0.36428888888888883,-0.32444444444444454,0.05,100,-0.5370222222222223,-0.5477777777777777,0.03,100
hyp2-config-109s-0.json,109,equal,50,450,500,300,707.5633333333334,419.5,1.0,892.9079916733879,-0.26265925925925926,-0.15999999999999998,0.09,0.43798036907385396,-0.21517777777777777,-0.13111111111111118,0.07,100,-0.2748444444444445,-0.15222222222222215,0.03,100,-0.29795555555555553,-0.2733333333333333,0.17,100
hyp2-config-10s-0.json,10,random,157,429,586,300,433.37666666666667,259.0,1.0,686.7906567089407,-0.5779756902686838,-0.41921666443959427,0.04,0.6484656669508752,-0.370714890205336,-0.2762831648181966,0.01,100,-0.26424672991551973,-0.17950945021008713,0.07,100,-1.098965450685196,-1.2003474232773597,0.04,100
hyp2-config-110s-0.json,110,equal,50,450,500,300,690.8933333333333,399.0,1.0,997.4083483374968,-0.5900740740740741,-0.38333333333333325,0.07,0.7240448506922017,-0.3262666666666666,-0.24888888888888883,0.09,100,-0.2804444444444445,-0.20555555555555555,0.08,100,-1.1635111111111112,-1.1233333333333335,0.04,100
hyp2-config-111s-0.json,111,equal,50,450,500,300,722.0233333333333,391.0,1.0,1135.6283614693089,-1.0911481481481482,-0.8622222222222223,0.04666666666666667,1.0518619168701762,-0.6623555555555555,-0.43999999999999995,0.01,100,-0.44939999999999997,-0.42222222222222217,0.1,100,-2.1616888888888885,-2.216666666666667,0.03,100
hyp2-config-112s-0.json,112,equal,50,450,500,300,648.98,381.0,1.0,958.3109826136781,-0.901525925925926,-0.881111111111111,0.02666666666666667,0.677087787717802,-0.7881111111111113,-0.7633333333333333,0.02,100,-0.7706888888888891,-0.7322222222222222,0.02,100,-1.1457777777777776,-1.2488888888888887,0.04,100
hyp2-config-113s-0.json,113,equal,50,450,500,300,737.6666666666666,412.0,1.0,1100.6164169286826,-0.5122074074074074,-0.3288888888888889,0.04,0.6765896096780543,-0.33142222222222223,-0.2366666666666667,0.03,100,-0.2911111111111111,-0.18,0.04,100,-0.9140888888888887,-0.9788888888888889,0.05,100
hyp2-config-114s-0.json,114,equal,50,450,500,300,713.9666666666667,397.0,1.0,1039.183036572748,-0.7504740740740741,-0.5922222222222222,0.04,0.7627231810568319,-0.43735555555555555,-0.3111111111111111,0.05,100,-0.3141333333333334,-0.29333333333333345,0.05,100,-1.4999333333333333,-1.5477777777777777,0.02,100
hyp2-config-115s-0.json,115,equal,50,450,500,300,716.67,393.0,1.0,938.264466161614,-0.7096222222222222,-0.6322222222222222,0.03666666666666667,0.632142848073743,-0.5276666666666666,-0.5211111111111111,0.03,100,-0.4293111111111111,-0.4344444444444444,0.04,100,-1.1718888888888888,-1.1688888888888886,0.04,100
hyp2-config-116s-0.json,116,equal,50,450,500,300,651.1266666666667,398.0,1.0,889.3749885113256,-0.5093777777777778,-0.4511111111111111,0.04,0.5935989462497473,-0.30464444444444444,-0.16666666666666657,0.04,100,-0.3002222222222223,-0.24,0.03,100,-0.9232666666666667,-0.948888888888889,0.05,100
hyp2-config-117s-0.json,117,equal,50,450,500,300,728.9866666666667,411.0,1.0,1011.0588938227829,-0.8272592592592591,-0.6499999999999999,0.06,0.9607958138990255,-0.38631111111111116,-0.38444444444444437,0.09,100,-0.4886,-0.42333333333333334,0.04,100,-1.6068666666666667,-1.6222222222222222,0.05,100
hyp2-config-118s-0.json,118,equal,50,450,500,300,663.8666666666667,392.0,1.0,1038.6903296420264,-0.7616592592592591,-0.6366666666666667,0.04666666666666667,0.8218726822047532,-0.3632888888888889,-0.3977777777777776,0.1,100,-0.5177777777777778,-0.4244444444444444,0.02,100,-1.403911111111111,-1.2055555555555555,0.02,100
hyp2-config-119s-0.json,119,equal,50,450,500,300,586.7033333333334,395.0,1.0,757.7800984328006,-1.008688888888889,-0.6111111111111112,0.023333333333333334,1.016007334700961,-0.4768444444444444,-0.3222222222222222,0.02,100,-0.42397777777777784,-0.29000000000000004,0.03,100,-2.1252444444444447,-2.1433333333333335,0.02,100
hyp2-config-11s-0.json,11,random,147,459,606,300,517.16,308.0,1.0,737.0803660071114,-0.5188427963778103,-0.30474411987017036,0.03,0.6200634465483625,-0.22878529189453556,-0.1843181717131297,0.05,100,-0.20037303810413054,-0.16217598150371254,0.01,100,-1.127370059134765,-1.126495042461429,0.03,100
hyp2-config-120s-0.json,120,equal,50,450,500,300,779.86,428.0,1.0,963.9697016429608,-0.07035555555555555,-0.11888888888888904,0.28,0.4144754585936983,-0.1670222222222222,-0.14555555555555555,0.13,100,-0.16420000000000004,-0.15999999999999992,0.04,100,0.1201555555555556,0.0955555555555554,0.67,100
hyp2-config-121s-0.json,121,equal,50,450,500,300,725.86,416.5,1.0,1107.3308595484737,-0.4918666666666667,-0.28888888888888886,0.14333333333333334,0.6722887347435188,-0.2348444444444445,-0.07777777777777772,0.27,100,-0.20660000000000003,-0.04444444444444451,0.13,100,-1.0341555555555555,-1.0566666666666666,0.03,100
hyp2-config-122s-0.json,122,equal,50,450,500,300,656.33,399.0,1.0,950.3005656018929,-0.783088888888889,-0.508888888888889,0.02666666666666667,0.8493773011706887,-0.45971111111111107,-0.3044444444444444,0.0,100,-0.42948888888888886,-0.32888888888888895,0.03,100,-1.4600666666666666,-1.2744444444444443,0.05,100
hyp2-config-123s-0.json,123,equal,50,450,500,300,716.1766666666666,410.0,1.0,992.176543312338,-0.3754888888888889,-0.3044444444444445,0.04666666666666667,0.4993801638025929,-0.33675555555555553,-0.27888888888888896,0.01,100,-0.23588888888888895,-0.20999999999999996,0.04,100,-0.5538222222222222,-0.5111111111111112,0.09,100
hyp2-config-124s-0.json,124,equal,50,450,500,300,623.8733333333333,391.0,1.0,845.4857446681242,-0.9250814814814816,-0.7066666666666666,0.023333333333333334,0.8438355815766125,-0.5462888888888888,-0.4077777777777777,0.03,100,-0.45886666666666664,-0.4188888888888888,0.02,100,-1.7700888888888895,-1.9522222222222219,0.02,100
hyp2-config-125s-0.json,125,equal,50,450,500,300,783.0133333333333,416.5,1.0,1128.7251131664125,-0.3976888888888889,-0.3422222222222221,0.07,0.6103144365539817,-0.20695555555555564,-0.20777777777777784,0.11,100,-0.11097777777777779,-0.10000000000000009,0.07,100,-0.8751333333333333,-0.8866666666666665,0.03,100
hyp2-config-126s-0.json,126,equal,50,450,500,300,583.9,378.0,1.0,941.4104713594832,-1.2942666666666667,-1.0766666666666667,0.03,1.1721973423260652,-0.9149333333333334,-0.8211111111111112,0.03,100,-0.5116888888888889,-0.4422222222222222,0.04,100,-2.4561777777777776,-2.5100000000000007,0.02,100
hyp2-config-127s-0.json,127,equal,50,450,500,300,667.4066666666666,397.0,1.0,1057.0916218310376,-0.8636592592592592,-0.61,0.03666666666666667,0.9860766240072343,-0.4730444444444445,-0.3533333333333333,0.0,100,-0.22946666666666665,-0.21111111111111108,0.09,100,-1.8884666666666663,-1.8766666666666665,0.02,100
hyp2-config-128s-0.json,128,equal,50,450,500,300,743.9133333333333,408.5,1.0,1048.8329997478575,-0.6048740740740741,-0.3222222222222223,0.07333333333333333,0.806451409618247,-0.15606666666666666,-0.1433333333333333,0.15,100,-0.20744444444444446,-0.11444444444444446,0.05,100,-1.4511111111111115,-1.4022222222222225,0.02,100
hyp2-config-129s-0.json,129,equal,50,450,500,300,670.4166666666666,407.0,1.0,1054.799869931534,-0.6374148148148149,-0.22333333333333338,0.06666666666666667,0.9399575670556489,-0.12117777777777777,-0.13222222222222213,0.15,100,-0.12751111111111116,-0.12444444444444447,0.04,100,-1.663555555555556,-1.8455555555555554,0.01,100
hyp2-config-12s-0.json,12,random,143,471,614,300,608.25,325.0,1.0,877.6693144831282,-0.23672981653873373,-0.15300728994996515,0.05333333333333334,0.4094319826869528,-0.17367556010868113,-0.12730687571451904,0.03,100,-0.13339435511410033,-0.08041958041958042,0.03,100,-0.4031195343934197,-0.37091889002717027,0.1,100
hyp2-config-130s-0.json,130,equal,50,450,500,300,681.27,397.0,1.0,1051.6652015194552,-0.5054444444444445,-0.20444444444444443,0.03666666666666667,0.7701822277497277,-0.24502222222222222,-0.17555555555555558,0.03,100,-0.17515555555555554,-0.14222222222222214,0.04,100,-1.0961555555555555,-1.0644444444444443,0.04,100
hyp2-config-131s-0.json,131,equal,50,450,500,300,736.4533333333334,400.0,1.0,1089.6445591905037,-0.26287407407407404,-0.20111111111111107,0.10666666666666667,0.44296509997922673,-0.1169777777777778,-0.04222222222222238,0.2,100,-0.16302222222222226,-0.14222222222222214,0.07,100,-0.5086222222222222,-0.4933333333333333,0.05,100
hyp2-config-132s-0.json,132,equal,50,450,500,300,736.1733333333333,433.0,1.0,1021.7322705735229,-0.4722074074074074,-0.23999999999999988,0.06666666666666667,0.6432855837967826,-0.10986666666666668,-0.11333333333333329,0.15,100,-0.23695555555555559,-0.17999999999999994,0.02,100,-1.0698,-1.1111111111111112,0.03,100
hyp2-config-133s-0.json,133,equal,50,450,500,300,650.6566666666666,416.0,1.0,771.7857363705978,-0.21993333333333334,-0.17666666666666664,0.12,0.36470159624612514,-0.12966666666666665,-0.15111111111111108,0.09,100,-0.2677111111111112,-0.19999999999999996,0.02,100,-0.26242222222222217,-0.1411111111111112,0.25,100
hyp2-config-134s-0.json,134,equal,50,450,500,300,688.84,395.0,1.0,904.8067520721304,-0.6439407407407407,-0.6444444444444444,0.03333333333333333,0.5973129833350004,-0.5397777777777779,-0.5655555555555557,0.04,100,-0.41415555555555555,-0.3855555555555555,0.05,100,-0.9778888888888888,-1.0022222222222221,0.01,100
hyp2-config-135s-0.json,135,equal,50,450,500,300,701.8066666666666,428.5,1.0,956.2764443833684,-0.3289037037037037,-0.13111111111111118,0.2,0.5739101892716266,-0.08160000000000003,-0.04111111111111121,0.39,100,-0.1502888888888889,-0.05222222222222228,0.14,100,-0.7548222222222222,-0.7977777777777777,0.07,100
hyp2-config-136s-0.json,136,equal,50,450,500,300,817.14,396.0,1.0,1220.727717771844,-0.907037037037037,-0.8655555555555555,0.05,0.826738404748883,-0.5144222222222222,-0.4222222222222222,0.05,100,-0.6527777777777779,-0.558888888888889,0.08,100,-1.5539111111111106,-1.586666666666667,0.02,100
hyp2-config-137s-0.json,137,equal,50,450,500,300,664.4533333333334,401.5,1.0,937.9210917788167,-1.19282962962963,-0.8644444444444443,0.03,1.154206245545103,-0.6634444444444444,-0.4766666666666667,0.02,100,-0.6205333333333333,-0.4422222222222222,0.02,100,-2.2945111111111114,-2.2622222222222224,0.05,100
hyp2-config-138s-0.json,138,equal,50,450,500,300,725.2133333333334,399.5,1.0,965.1551460821822,-0.48210370370370376,-0.4655555555555555,0.03333333333333333,0.5383109896795304,-0.2893555555555556,-0.3433333333333335,0.05,100,-0.1925777777777778,-0.0855555555555556,0.04,100,-0.9643777777777777,-0.9444444444444443,0.01,100
hyp2-config-139s-0.json,139,equal,50,450,500,300,650.8033333333333,397.0,1.0,808.0639221806582,-1.0318148148148147,-0.6322222222222221,0.02,1.133253025890066,-0.504488888888889,-0.4655555555555555,0.04,100,-0.24382222222222225,-0.12222222222222234,0.0,100,-2.3471333333333333,-2.464444444444444,0.02,100
hyp2-config-13s-0.json,13,random,150,450,600,300,503.44,277.5,1.0,873.7458473449293,-0.6016148148148147,-0.4755555555555555,0.04666666666666667,0.6478945766197282,-0.43124444444444443,-0.31666666666666676,0.02,100,-0.21633333333333332,-0.17666666666666664,0.07,100,-1.1572666666666664,-1.218888888888889,0.05,100
hyp2-config-140s-0.json,140,equal,50,450,500,300,546.0533333333333,386.0,1.0,757.368342691052,-1.0969481481481482,-0.7922222222222223,0.023333333333333334,1.047915657632641,-0.6274000000000001,-0.5522222222222223,0.05,100,-0.5771333333333333,-0.5222222222222223,0.02,100,-2.0863111111111112,-1.9633333333333334,0.0,100
hyp2-config-141s-0.json,141,equal,50,450,500,300,733.86,400.0,1.0,1083.9784552154335,-0.48309629629629636,-0.2333333333333334,0.04666666666666667,0.6877570878666092,-0.23499999999999996,-0.16666666666666663,0.04,100,-0.14482222222222227,-0.09555555555555562,0.02,100,-1.0694666666666668,-1.1444444444444444,0.08,100
hyp2-config-142s-0.json,142,equal,50,450,500,300,807.52,421.0,1.0,1101.0209109828045,-0.15840000000000004,-0.15333333333333332,0.09333333333333334,0.400003725982894,-0.0704888888888889,-0.12888888888888883,0.07,100,-0.1294666666666667,-0.13777777777777778,0.06,100,-0.27524444444444446,-0.26,0.15,100
hyp2-config-143s-0.json,143,equal,50,450,500,300,671.18,397.0,1.0,827.6592861274761,-0.5893185185185185,-0.45777777777777784,0.03,0.6619588859202469,-0.42824444444444454,-0.3688888888888888,0.04,100,-0.41304444444444455,-0.28111111111111114,0.02,100,-0.9266666666666664,-0.8977777777777778,0.03,100
hyp2-config-144s-0.json,144,equal,50,450,500,300,784.8133333333334,423.5,1.0,1021.6788392923423,-0.16216296296296298,-0.14888888888888885,0.19,0.3991425176006257,-0.13684444444444444,-0.12444444444444447,0.2,100,-0.20020000000000004,-0.1677777777777777,0.04,100,-0.14944444444444444,-0.1466666666666666,0.33,100
hyp2-config-145s-0.json,145,equal,50,450,500,300,583.1766666666666,401.5,1.0,803.3229641545271,-0.4892962962962963,-0.08333333333333343,0.06,0.8981911705086763,-0.11762222222222225,-0.0344444444444445,0.11,100,-0.05162222222222223,-0.004444444444444473,0.03,100,-1.2986444444444445,-1.0566666666666666,0.04,100
hyp2-config-146s-0.json,146,equal,50,450,500,300,708.0933333333334,396.0,1.0,1109.2123985539959,-0.4365333333333333,-0.34444444444444455,0.04,0.5806973646324327,-0.35091111111111106,-0.21999999999999997,0.04,100,-0.25528888888888884,-0.26,0.06,100,-0.7034,-0.61,0.02,100
hyp2-config-147s-0.json,147,equal,50,450,500,300,669.0433333333333,414.0,1.0,823.9270400628391,-0.3961407407407408,-0.12444444444444447,0.15666666666666668,0.6809968841416887,-0.11920000000000001,-0.040000000000000036,0.21,100,-0.07953333333333332,-0.022222222222222254,0.2,100,-0.9896888888888888,-0.8933333333333333,0.06,100
hyp2-config-148s-0.json,148,equal,50,450,500,300,693.24,395.0,1.0,1042.4722492075714,-0.5545777777777778,-0.5244444444444443,0.03333333333333333,0.6197316497692792,-0.5175777777777778,-0.54,0.03,100,-0.29528888888888893,-0.28222222222222226,0.04,100,-0.8508666666666668,-0.8177777777777779,0.03,100
hyp2-config-149s-0.json,149,equal,50,450,500,300,692.98,411.0,1.0,854.4612765814829,-0.3292,-0.18888888888888866,0.07666666666666666,0.46210029192465757,-0.19291111111111112,-0.1333333333333332,0.08,100,-0.10468888888888887,-0.08222222222222231,0.13,100,-0.69,-0.6855555555555555,0.02,100
hyp2-config-14s-0.json,14,random,151,447,598,300,397.97,250.0,1.0,798.7654033979887,-0.7740408709522892,-0.4995999822214321,0.03666666666666667,0.8379946322467258,-0.43148643643421186,-0.3950249640724772,0.04,100,-0.32460894558276665,-0.2770271271315762,0.02,100,-1.5660272308398893,-1.7423218809724879,0.05,100
hyp2-config-150s-0.json,150,real_gt,895,894,1789,300,-619.9833333333333,-431.0,0.03333333333333333,645.3957301925112,-0.6907389549198256,-0.4804288053191357,0.03333333333333333,0.721733730172854,-0.4091176433829503,-0.31842888030695016,0.02,100,-0.3182965268143927,-0.2603370702260883,0.04,100,-1.3448026945621336,-1.3578793446065016,0.04,100
hyp2-config-151s-0.json,151,real_gt,841,840,1681,300,-489.1933333333333,-383.0,0.04666666666666667,579.6201581334143,-0.5792167676424514,-0.45417869882792594,0.04666666666666667,0.6906106555838433,-0.34488989864673586,-0.3269357624143593,0.05,100,-0.33402600362380397,-0.2782309891852104,0.04,100,-1.0587344006568145,-1.077354056961667,0.05,100
hyp2-config-152s-0.json,152,real_gt,850,849,1699,300,-535.7333333333333,-390.0,0.04,612.4939387227676,-0.6281140580613871,-0.45761588027437117,0.04,0.7213351632479983,-0.315845825538696,-0.263509318921915,0.04,100,-0.355052282962655,-0.22471003949282897,0.04,100,-1.2134440656828103,-1.0377870158664173,0.04,100
hyp2-config-153s-0.json,153,real_gt,763,762,1525,300,-482.8666666666667,-362.5,0.03333333333333333,515.1811210767872,-0.6305215976443311,-0.4737240413755619,0.03333333333333333,0.6761941435705076,-0.3840094873461918,-0.26997141412369313,0.05,100,-0.346348971286846,-0.23460026212319784,0.02,100,-1.1612063342999557,-1.164360188921339,0.03,100
hyp2-config-154s-0.json,154,real_gt,757,756,1513,300,-518.5966666666667,-406.0,0.05,547.6945545397214,-0.6824966217711704,-0.5349524368678927,0.05,0.7249240370433727,-0.4150762547790288,-0.38174393491434444,0.04,100,-0.4300326406799327,-0.33684727376933465,0.04,100,-1.2023809698545498,-1.3119246818057915,0.07,100
hyp2-config-155s-0.json,155,real_gt,814,813,1627,300,-608.44,-411.0,0.03666666666666667,615.8369510139138,-0.7452189442041841,-0.5036288384996871,0.03666666666666667,0.7571389954911865,-0.39627489112728964,-0.3359761975998138,0.04,100,-0.3281429836411386,-0.2862400307049753,0.04,100,-1.5112389578441239,-1.43714395374912,0.03,100
hyp2-config-156s-0.json,156,real_gt,760,759,1519,300,-442.3,-418.0,0.06333333333333334,476.2344108176379,-0.5790526893650464,-0.5486790097774079,0.06333333333333334,0.6287257335585599,-0.44860139726787324,-0.4210439636641009,0.02,100,-0.30202563969211565,-0.2782920740586645,0.08,100,-0.9865310311351502,-1.052589972956106,0.09,100
hyp2-config-157s-0.json,157,real_gt,883,882,1765,300,-497.14,-373.5,0.04,592.3954718346243,-0.5607997669937484,-0.4218444644751068,0.04,0.6716983116564125,-0.26263053956954624,-0.24683104649938492,0.05,100,-0.25516337829960223,-0.19705164058828506,0.04,100,-1.1646053831120973,-1.1541417246400258,0.03,100
hyp2-config-158s-0.json,158,real_gt,778,777,1555,300,-568.6533333333333,-437.0,0.02666666666666667,547.4281368718811,-0.7287846605327325,-0.5603831889178933,0.02666666666666667,0.7041646227673508,-0.4203272093246385,-0.3733718110324795,0.03,100,-0.3938507310101141,-0.3059175591309268,0.02,100,-1.3721760412634447,-1.3758937049425481,0.03,100
hyp2-config-159s-0.json,159,real_gt,817,816,1633,300,-567.2533333333333,-436.5,0.02666666666666667,525.6394314183074,-0.6920988232094143,-0.5328774869801043,0.02666666666666667,0.6438793457235433,-0.42559258525931787,-0.37696948424412613,0.04,100,-0.37782795737634095,-0.2974281205750354,0.03,100,-1.272875926992584,-1.2438620491036072,0.01,100
hyp2-config-15s-0.json,15,random,146,462,608,300,510.62,300.5,1.0,867.9938209326478,-0.5049633319496333,-0.40041807507560934,0.043333333333333335,0.6225782080104751,-0.2705482417126253,-0.2838759414101879,0.06,100,-0.2563980311925517,-0.1939453240823104,0.03,100,-0.9879437229437231,-1.045543497598292,0.04,100
hyp2-config-160s-0.json,160,real_gt,829,828,1657,300,-347.13,-269.5,0.056666666666666664,444.25802985461166,-0.4161260098405429,-0.3238011573224244,0.056666666666666664,0.5375513530006458,-0.19210850043414163,-0.18453348717679763,0.09,100,-0.1929016975227706,-0.1791263847368636,0.04,100,-0.8633678315647163,-0.9326308397871832,0.04,100
hyp2-config-161s-0.json,161,real_gt,886,885,1771,300,-461.13,-380.0,0.03666666666666667,549.9004346790432,-0.5182909498242168,-0.427605820611904,0.03666666666666667,0.6219559299538522,-0.3418735253982222,-0.29004922778691766,0.02,100,-0.15419962760326988,-0.2093704964864625,0.08,100,-1.0587996964711581,-1.0288703115634286,0.01,100
hyp2-config-162s-0.json,162,real_gt,886,885,1771,300,-577.7566666666667,-387.5,0.03,600.4437579633467,-0.6501364944544346,-0.43622195865376046,0.03,0.678160903676216,-0.4132774483172003,-0.34931132111565977,0.02,100,-0.2611483337796992,-0.19751501702567253,0.03,100,-1.2759837012664037,-1.320249072196503,0.04,100
hyp2-config-163s-0.json,163,real_gt,853,852,1705,300,-559.9533333333334,-394.5,0.06333333333333334,689.4998462282047,-0.6538647129618927,-0.4612930612199968,0.06333333333333334,0.8099970033995433,-0.2991534710411748,-0.3006765682017074,0.08,100,-0.297113020050746,-0.25556858147713957,0.06,100,-1.3653276477937573,-1.4496392186648612,0.05,100
hyp2-config-164s-0.json,164,real_gt,898,897,1795,300,-614.7033333333334,-380.5,0.02,633.5419639264169,-0.6827623175163603,-0.42259151390554517,0.02,0.7056034789336506,-0.3421871097173701,-0.33071013747880207,0.03,100,-0.28817774169279925,-0.24610617425568526,0.02,100,-1.4179221011389118,-1.339816214900944,0.01,100
hyp2-config-165s-0.json,165,real_gt,769,768,1537,300,-582.5733333333334,-410.5,0.03666666666666667,585.272601456456,-0.7551305808409189,-0.5324614962613783,0.03666666666666667,0.7616427670359901,-0.45362780057975727,-0.35694438800390116,0.03,100,-0.3536039092977894,-0.2652863567403555,0.03,100,-1.4581600326452104,-1.4817886121044648,0.05,100
hyp2-config-166s-0.json,166,real_gt,772,771,1543,300,-439.64,-375.5,0.03666666666666667,456.58836331175337,-0.5670476569692816,-0.4849944221554673,0.03666666666666667,0.5923711120328682,-0.39439198134446213,-0.40152584289295246,0.04,100,-0.23362286042620106,-0.22021397418062816,0.05,100,-1.0731281291371813,-1.0098267508047551,0.02,100
hyp2-config-167s-0.json,167,real_gt,823,822,1645,300,-521.7433333333333,-383.0,0.03333333333333333,519.2197491897991,-0.6317434533716872,-0.46394045285629404,0.03333333333333333,0.6315808401396595,-0.4412541500001478,-0.3371573940216347,0.03,100,-0.35603839433796586,-0.28615045542833323,0.04,100,-1.097937815776948,-1.0626468944843062,0.03,100
hyp2-config-168s-0.json,168,real_gt,775,774,1549,300,-554.1033333333334,-346.5,0.04,629.0302559218483,-0.7124673446139312,-0.44575060431774616,0.04,0.8125842879389874,-0.3758521630407602,-0.3489714095190465,0.04,100,-0.3040495123780946,-0.27806118196215723,0.05,100,-1.4575003584229393,-1.5071909644077688,0.03,100
hyp2-config-169s-0.json,169,real_gt,766,765,1531,300,-521.1533333333333,-357.0,0.023333333333333334,516.7427471298071,-0.678027019801248,-0.46471014863734883,0.023333333333333334,0.6746814681749835,-0.31944429085820575,-0.3172238434102971,0.04,100,-0.36703974470554107,-0.25913496817351833,0.01,100,-1.3475970238399972,-1.347330159217734,0.02,100
hyp2-config-16s-0.json,16,random,142,474,616,300,489.55,323.0,1.0,602.2906115566062,-0.4174949981181039,-0.36765317644262197,0.02,0.38459017252186806,-0.27758899387888514,-0.18840256730254945,0.03,100,-0.26395435906578707,-0.17569976822963096,0.01,100,-0.7109416414096391,-0.7427200332798478,0.02,100
hyp2-config-170s-0.json,170,real_gt,778,777,1555,300,-516.45,-400.0,0.04666666666666667,576.3977579918751,-0.661283869253021,-0.5128303110308251,0.04666666666666667,0.7423790184812762,-0.36754111621720875,-0.3399734659374762,0.06,100,-0.2732250300245159,-0.26864828471512275,0.06,100,-1.3430854615173382,-1.392518022980748,0.02,100
hyp2-config-171s-0.json,171,real_gt,895,894,1789,300,-636.3233333333334,-485.5,0.03666666666666667,636.7099475532532,-0.708906290227838,-0.541300788621849,0.03666666666666667,0.7121801980207524,-0.4241167810230838,-0.42736242860535173,0.04,100,-0.31688734330671264,-0.2642508092434979,0.04,100,-1.3857147463537176,-1.3995944409033534,0.03,100
hyp2-config-172s-0.json,172,real_gt,787,786,1573,300,-598.0733333333334,-434.5,0.02666666666666667,581.6113598172326,-0.7576985859056142,-0.5507378164899722,0.02666666666666667,0.7395539054482999,-0.4640336608566043,-0.4173391724945116,0.03,100,-0.41220837334419685,-0.38818782311803435,0.01,100,-1.3968537235160414,-1.37135416161479,0.04,100
hyp2-config-173s-0.json,173,real_gt,778,777,1555,300,-334.93666666666667,-268.5,0.056666666666666664,449.97802174744197,-0.42774257548036476,-0.34381875448713506,0.056666666666666664,0.5806811298802969,-0.2810936367877242,-0.2422490430202513,0.03,100,-0.2592265089180256,-0.21015176028029497,0.07,100,-0.7429075807353444,-0.8225832332516136,0.07,100
hyp2-config-174s-0.json,174,real_gt,778,777,1555,300,-504.0566666666667,-371.5,0.016666666666666666,513.3015244202275,-0.6458026443630557,-0.4758348138810864,0.016666666666666666,0.66009780525813,-0.37804015179336525,-0.3559567646971247,0.03,100,-0.3353186568867803,-0.2583588913923105,0.01,100,-1.2240491244090217,-1.156565857079996,0.01,100
hyp2-config-175s-0.json,175,real_gt,751,750,1501,300,-441.0933333333333,-362.5,0.02666666666666667,421.89308742018045,-0.5848872081668886,-0.48124278739458504,0.02666666666666667,0.5622686816580608,-0.39657148690634714,-0.328138482023968,0.03,100,-0.3508858766089658,-0.2529977807367954,0.0,100,-1.0072042609853527,-0.9670608078118066,0.05,100
hyp2-config-176s-0.json,176,real_gt,844,843,1687,300,-535.0966666666667,-435.5,0.03333333333333333,560.8523619413635,-0.6318235107820374,-0.5145988992146081,0.03333333333333333,0.6650889585356174,-0.375323236241588,-0.36193238996362576,0.04,100,-0.31430239552939454,-0.23933789838817582,0.02,100,-1.2058449005751295,-1.1943683133471634,0.04,100
hyp2-config-177s-0.json,177,real_gt,799,798,1597,300,-346.6,-270.0,0.05333333333333334,451.1285143446926,-0.4311803915295121,-0.3366363342649489,0.05333333333333334,0.5663286503327389,-0.26174398762864604,-0.2608939432435907,0.05,100,-0.19870612074617078,-0.20964175143741703,0.05,100,-0.8330910662137194,-0.8875348571679512,0.06,100
hyp2-config-178s-0.json,178,real_gt,769,768,1537,300,-464.00333333333333,-356.5,0.03333333333333333,457.10855467611026,-0.6010039926040313,-0.46201184574122234,0.03333333333333333,0.5946168259324024,-0.3549478828023407,-0.30361484747507583,0.06,100,-0.3030882064098397,-0.24967913551148674,0.02,100,-1.1449758885999133,-1.084866540691374,0.02,100
hyp2-config-179s-0.json,179,real_gt,859,858,1717,300,-478.3433333333333,-368.5,0.04666666666666667,611.7361926136136,-0.5544828964852248,-0.4277694559999565,0.04666666666666667,0.7137220884654033,-0.2996149640037882,-0.29800128083015165,0.04,100,-0.2713879911318794,-0.2025556903321747,0.05,100,-1.0924457343200067,-1.1187183014889652,0.05,100
hyp2-config-17s-0.json,17,random,157,429,586,300,412.8,254.0,1.0,691.607840240605,-0.5747058037503897,-0.4763484922720592,0.03666666666666667,0.6383751616428023,-0.3977623862337238,-0.3300298427686962,0.03,100,-0.29151351832880495,-0.1889819310201476,0.05,100,-1.0348415066886405,-0.9809362611910382,0.03,100
hyp2-config-180s-0.json,180,real_gt,838,837,1675,300,-548.26,-413.5,0.03333333333333333,580.9711271384851,-0.6520144870921168,-0.4920830446275054,0.03333333333333333,0.6940286038140956,-0.3900058596590277,-0.24758698956096759,0.02,100,-0.31883080555341703,-0.2398553762015152,0.04,100,-1.2472067960639062,-1.3281943695947853,0.04,100
hyp2-config-181s-0.json,181,real_gt,808,807,1615,300,-666.3133333333334,-475.0,0.03333333333333333,697.4694741565082,-0.8224748538980292,-0.5866367305875568,0.03333333333333333,0.8635572514055906,-0.47033058510311987,-0.3001122602966617,0.02,100,-0.31282566221306146,-0.22586863704957866,0.06,100,-1.6842683143779065,-1.5358420135693867,0.02,100
hyp2-config-182s-0.json,182,real_gt,820,819,1639,300,-602.2833333333333,-395.0,0.03,661.3644680412714,-0.7324299512592196,-0.4803813395276809,0.03,0.8071661984002151,-0.37606752732362486,-0.2981476518061884,0.03,100,-0.3399186247356979,-0.24572426218767685,0.03,100,-1.4813037017183361,-1.4572560231096816,0.03,100
hyp2-config-183s-0.json,183,real_gt,856,855,1711,300,-601.96,-477.5,0.02666666666666667,580.8839461801005,-0.7011773469239038,-0.5562906487402306,0.02666666666666667,0.6790267124847494,-0.4445041400229546,-0.3936328359840411,0.04,100,-0.3653696644258621,-0.25992854019784656,0.02,100,-1.2936582363228941,-1.2910408810187461,0.02,100
hyp2-config-184s-0.json,184,real_gt,883,882,1765,300,-528.7666666666667,-361.0,0.02666666666666667,552.1840480903448,-0.5968377790275542,-0.4076445225126668,0.02666666666666667,0.6255999877356331,-0.3613813067695935,-0.32613577707413643,0.03,100,-0.2908888221200145,-0.16591551682960848,0.01,100,-1.1382432081930547,-1.1721333682585908,0.04,100
hyp2-config-185s-0.json,185,real_gt,883,882,1765,300,-620.19,-444.5,0.04666666666666667,731.8485418404412,-0.7001987700830931,-0.5022085089226329,0.04666666666666667,0.8299247330225353,-0.30819239964766576,-0.25987922537833563,0.04,100,-0.3286059301032606,-0.2536787081763623,0.05,100,-1.4637979804983527,-1.48226002367727,0.05,100
hyp2-config-186s-0.json,186,real_gt,898,897,1795,300,-570.36,-467.0,0.03666666666666667,601.03835213386,-0.6329077499112359,-0.5188850238235344,0.03666666666666667,0.6703045430534745,-0.4537126973604169,-0.36242436431261826,0.03,100,-0.23482166489138503,-0.22494494144053556,0.06,100,-1.2101888874819056,-1.2405115542280256,0.02,100
hyp2-config-187s-0.json,187,real_gt,787,786,1573,300,-406.56666666666666,-326.0,0.05,512.0905531945751,-0.5139599600376344,-0.41291292019489734,0.05,0.6526162297168262,-0.30301926017892533,-0.2204501585885138,0.06,100,-0.2786971816186051,-0.25411828989527663,0.03,100,-0.960163438315373,-1.0267644386677919,0.06,100
hyp2-config-188s-0.json,188,real_gt,841,840,1681,300,-583.4866666666667,-405.0,0.03666666666666667,624.2927153751332,-0.6915875846969783,-0.48036846724421045,0.03666666666666667,0.7432279522741507,-0.41343836702338477,-0.3275465715418153,0.04,100,-0.32547641696393176,-0.2871602683879736,0.03,100,-1.3358479701036179,-1.3846710265556876,0.04,100
hyp2-config-189s-0.json,189,real_gt,850,849,1699,300,-585.0333333333333,-379.5,0.05333333333333334,693.0955805911661,-0.6858633455738008,-0.44526086052795666,0.05333333333333334,0.8165489593635237,-0.4116580891013648,-0.24880343656897386,0.05,100,-0.29512144391325434,-0.20941107184923435,0.04,100,-1.3508105037067832,-1.3945832467262522,0.07,100
hyp2-config-18s-0.json,18,random,136,492,628,300,477.96,333.0,1.0,762.8983843756278,-0.6141461421967161,-0.4644906743185079,0.023333333333333334,0.6207289204115287,-0.364527737924438,-0.28458273553323765,0.03,100,-0.2688534194165471,-0.21996054519368724,0.01,100,-1.209057269249163,-1.1455344332855093,0.03,100
hyp2-config-190s-0.json,190,real_gt,871,870,1741,300,-522.0266666666666,-392.0,0.03333333333333333,564.0628057094691,-0.5972695892773093,-0.44887960726869625,0.03333333333333333,0.6484063104052499,-0.3342207529989311,-0.3048101666732649,0.03,100,-0.2881768742494425,-0.223307204032886,0.04,100,-1.1694111405835546,-1.1180767251276773,0.03,100
hyp2-config-191s-0.json,191,real_gt,775,774,1549,300,-603.6633333333333,-468.0,0.02666666666666667,581.6907112898502,-0.7766033563946542,-0.602423939318163,0.03,0.7509567432686419,-0.5356996415770611,-0.41280903559223137,0.03,100,-0.34390952738184544,-0.22451029424022662,0.04,100,-1.450200900225056,-1.4598382929065599,0.02,100
hyp2-config-192s-0.json,192,real_gt,787,786,1573,300,-507.56,-338.0,0.043333333333333335,544.2302591580861,-0.6425382784066354,-0.42820676967645355,0.043333333333333335,0.692196830373127,-0.3087745844528291,-0.2655395727648071,0.03,100,-0.3009305314412641,-0.18679253518531097,0.08,100,-1.317909719325813,-1.260597624890475,0.02,100
hyp2-config-193s-0.json,193,real_gt,754,753,1507,300,-432.74333333333334,-343.0,0.03666666666666667,479.6274238140168,-0.5713986376920847,-0.4535571242879939,0.03666666666666667,0.6375212399294325,-0.346298924549371,-0.38459160704661466,0.06,100,-0.29466956224615243,-0.2221511830661439,0.01,100,-1.0732274262807302,-1.0516721795400188,0.04,100
hyp2-config-194s-0.json,194,real_gt,814,813,1627,300,-532.49,-381.0,0.05333333333333334,649.1780214845504,-0.6516288042487305,-0.46670504788585965,0.05333333333333334,0.7991190258124348,-0.4543293259713924,-0.39182691581215556,0.04,100,-0.3304918840343194,-0.2174462285163392,0.04,100,-1.1700652027404792,-1.1596144954078533,0.08,100
hyp2-config-195s-0.json,195,real_gt,880,879,1759,300,-636.4333333333333,-411.0,0.02666666666666667,702.037611705898,-0.7212893611886786,-0.4658825886854897,0.02666666666666667,0.7981807965483064,-0.28139377133105803,-0.2170357586099907,0.03,100,-0.3627747310993898,-0.22045195987175514,0.02,100,-1.5196995811355878,-1.5578911986761814,0.03,100
hyp2-config-196s-0.json,196,real_gt,823,822,1645,300,-542.6433333333333,-450.5,0.05,567.4882605615197,-0.6568155493077665,-0.546103064865648,0.05,0.6907800371868232,-0.4514413619391402,-0.43193556302530944,0.03,100,-0.33009045004774534,-0.2624581304526493,0.06,100,-1.1889148359364143,-1.208902064431062,0.06,100
hyp2-config-197s-0.json,197,real_gt,790,789,1579,300,-515.74,-390.0,0.023333333333333334,466.6412819501366,-0.6505833159530034,-0.4923962394314225,0.023333333333333334,0.5907954378465413,-0.3945501435882627,-0.3120148882578492,0.03,100,-0.3453900306428583,-0.24810367232998026,0.02,100,-1.2118097736278897,-1.209452760263753,0.02,100
hyp2-config-198s-0.json,198,real_gt,763,762,1525,300,-477.1766666666667,-345.0,0.04,533.9676741580035,-0.6229784235686135,-0.45080202130696956,0.04,0.7006980812124977,-0.3646684244744636,-0.30926495426603795,0.04,100,-0.29409429899244244,-0.21887459021750721,0.02,100,-1.2101725472389346,-1.2135495677719186,0.06,100
hyp2-config-199s-0.json,199,real_gt,886,885,1771,300,-694.22,-496.5,0.023333333333333334,695.9575811661288,-0.7816464016528293,-0.5591020392546964,0.023333333333333334,0.7859355197291444,-0.5175802757266201,-0.42886584790399307,0.0,100,-0.3450847202560865,-0.27483516343370185,0.03,100,-1.4822742089757817,-1.5496033719758708,0.04,100
hyp2-config-19s-0.json,19,random,148,456,604,300,475.09,280.0,1.0,868.355903504146,-0.6270625889046942,-0.4614449976292081,0.043333333333333335,0.737631153684027,-0.30936581318160267,-0.31389284020862973,0.06,100,-0.31818456614509244,-0.242146752015173,0.03,100,-1.2536373873873874,-1.398470839260313,0.04,100
hyp2-config-1s-0.json,1,random,153,441,594,300,373.4533333333333,267.0,1.0,619.1117068084292,-0.7605086479036058,-0.5307456315859678,0.05,0.8465228951540072,-0.41964385754301725,-0.35594237695078024,0.05,100,-0.20486461251167135,-0.11311191143123916,0.09,100,-1.6570174736561294,-1.79671868747499,0.01,100
hyp2-config-20s-0.json,20,random,154,438,592,300,418.85,277.0,1.0,507.1478917571406,-0.39460070371029277,-0.2176065943189231,0.016666666666666666,0.4766687859396245,-0.1524337306529087,-0.06511296922255827,0.03,100,-0.22106772223210577,-0.09740259740259738,0.01,100,-0.8103006582458638,-0.7922819189942478,0.01,100
hyp2-config-21s-0.json,21,random,147,459,606,300,505.2966666666667,302.5,1.0,837.9342025171482,-0.531941813762542,-0.31210261882530793,0.03666666666666667,0.7113966948263774,-0.2540754079409541,-0.23422702414299046,0.06,100,-0.14240940820772752,-0.11918100573562751,0.03,100,-1.1993406251389442,-1.261393446267396,0.02,100
hyp2-config-22s-0.json,22,random,151,447,598,300,498.18,282.5,1.0,737.8578646061883,-0.3304568598110533,-0.2865608841874453,0.04,0.38382152850416384,-0.2417437812050906,-0.21178719054180184,0.04,100,-0.19012489443975286,-0.1600589655836555,0.04,100,-0.5595019037883165,-0.5135339348415486,0.04,100
hyp2-config-23s-0.json,23,random,150,450,600,300,346.24666666666667,258.0,1.0,642.200011943337,-0.8778962962962963,-0.5888888888888888,0.023333333333333334,0.8888373187071867,-0.5238222222222223,-0.4788888888888889,0.02,100,-0.3021111111111111,-0.2033333333333333,0.02,100,-1.8077555555555558,-1.8066666666666666,0.03,100
hyp2-config-24s-0.json,24,random,157,429,586,300,379.66,235.0,1.0,755.7754734626054,-0.7479216466477613,-0.4892655115585051,0.03333333333333333,0.8203345656447946,-0.4127015871601859,-0.3141211230383204,0.03,100,-0.26110655798553883,-0.1965985182545692,0.04,100,-1.5699567947975592,-1.6265422475613556,0.03,100
hyp2-config-25s-0.json,25,random,148,456,604,300,475.53333333333336,302.0,1.0,733.8868135294869,-0.5147342737474316,-0.3083214793741109,0.03333333333333333,0.6871707453227326,-0.2836545756282598,-0.13848387861545763,0.01,100,-0.12954599336178282,-0.1071005215742058,0.05,100,-1.1310022522522523,-1.2753971076339496,0.04,100
hyp2-config-26s-0.json,26,random,152,444,596,300,397.07,271.0,1.0,672.8254096516492,-0.5742506322111585,-0.37828947368421045,0.04,0.6951049488973321,-0.2965422000948317,-0.24004267425320058,0.04,100,-0.22458392603129443,-0.13270507349454713,0.03,100,-1.2016257705073494,-1.3041133238501659,0.05,100
hyp2-config-27s-0.json,27,random,153,441,594,300,427.00333333333333,270.5,1.0,807.6252131643022,-0.6993637454981992,-0.26790716286514604,0.06,0.9443039672154699,-0.25645458183273306,-0.10317460317460314,0.11,100,-0.1340696278511404,-0.08370014672535675,0.06,100,-1.7075670268107244,-1.717153528077898,0.01,100
hyp2-config-28s-0.json,28,random,134,498,632,300,521.0333333333333,331.0,1.0,849.0030070079753,-0.7423476992547303,-0.6102169873523947,0.03,0.6396023117357466,-0.5884520170233172,-0.47905053048012947,0.01,100,-0.4929491098723252,-0.3602169873523947,0.04,100,-1.1456419708685488,-1.2082958700473534,0.04,100
hyp2-config-29s-0.json,29,random,162,414,576,300,405.8233333333333,217.0,1.0,792.097751722075,-0.5720245124351405,-0.5805152979066024,0.04666666666666667,0.696668871221551,-0.4022893183038111,-0.3765432098765432,0.04,100,-0.29370638754696726,-0.2462426194310252,0.05,100,-1.020077831454643,-1.0764895330112723,0.05,100
hyp2-config-2s-0.json,2,random,156,432,588,300,407.2,252.5,1.0,646.556854334008,-0.6752843067426401,-0.5405092592592593,0.02666666666666667,0.6301669957758308,-0.47326745014245014,-0.3776709401709403,0.01,100,-0.33498931623931627,-0.23424145299145305,0.05,100,-1.217596153846154,-1.1298967236467234,0.02,100
hyp2-config-30s-0.json,30,random,148,456,604,300,438.49333333333334,286.0,1.0,760.938197066449,-0.7808256282598387,-0.5118539592223802,0.04,0.8356846512721734,-0.3800865339023234,-0.2443397344713134,0.07,100,-0.3957059032716927,-0.2570234708392603,0.0,100,-1.5666844476055004,-1.662458511142722,0.05,100
hyp2-config-31s-0.json,31,random,166,402,568,300,435.1666666666667,222.0,1.0,680.4003289099918,-0.24775140362444803,-0.24346640292513333,0.06,0.4381700114032989,-0.14201402625427081,-0.19271114307978177,0.05,100,-0.21983156506623514,-0.20586824911586654,0.05,100,-0.3814086195528381,-0.373119343043817,0.08,100
hyp2-config-32s-0.json,32,random,162,414,576,300,300.2133333333333,218.5,1.0,506.41152890798736,-0.6755859724458758,-0.4844337090713903,0.023333333333333334,0.6736419398041894,-0.3611755233494365,-0.3595008051529789,0.02,100,-0.36909017713365544,-0.2822061191626408,0.03,100,-1.2964922168545356,-1.3407139023081052,0.02,100
hyp2-config-33s-0.json,33,random,154,438,592,300,376.0966666666667,255.5,0.9933333333333333,653.7375543407361,-0.8422357627152147,-0.6421751764217518,0.02,0.8081527080366286,-0.45801399513728286,-0.4120559805491312,0.02,100,-0.5497008242898653,-0.38083377809405206,0.03,100,-1.5189924687184968,-1.455405325268339,0.01,100
hyp2-config-34s-0.json,34,random,146,462,608,300,555.3833333333333,313.0,1.0,855.6932938262515,-0.43207485817074864,-0.2478354978354979,0.04666666666666667,0.6158915038879698,-0.15005900492201862,-0.09642412382138404,0.05,100,-0.18758228073296568,-0.15482120619106926,0.04,100,-0.9585832888572615,-1.065483603154836,0.05,100
hyp2-config-35s-0.json,35,random,133,501,634,300,600.6966666666667,354.0,1.0,951.5069501811494,-0.5600865937298335,-0.37515945552504015,0.03333333333333333,0.6512589284877067,-0.38113697417195685,-0.29506400732369853,0.0,100,-0.16663680158480035,-0.19572133927633462,0.06,100,-1.1324860054327435,-1.129192742334879,0.04,100
hyp2-config-36s-0.json,36,random,153,441,594,300,426.3666666666667,274.0,1.0,658.8476858369197,-0.523100795873905,-0.3668800853674803,0.02666666666666667,0.5506828423114618,-0.30293317326930774,-0.27084167000133386,0.03,100,-0.22611577964519136,-0.13085234093637454,0.04,100,-1.040253434707216,-0.9364412431639322,0.01,100
hyp2-config-37s-0.json,37,random,156,432,588,300,349.57,238.5,1.0,659.4332509624581,-0.7668589743589743,-0.5157585470085471,0.02666666666666667,0.8197428794397432,-0.4518019943019943,-0.33021723646723644,0.02,100,-0.30600427350427345,-0.250267094017094,0.04,100,-1.542770655270655,-1.5931267806267808,0.02,100
hyp2-config-38s-0.json,38,random,141,477,618,300,574.4366666666666,330.0,1.0,949.7518982430498,-0.42459862913897445,-0.31107542709309066,0.04666666666666667,0.6088332719780183,-0.1797979392479593,-0.16294214728578427,0.08,100,-0.1796346848655159,-0.1577233596502967,0.03,100,-0.914363263303448,-0.9189972790936259,0.03,100
hyp2-config-39s-0.json,39,random,161,417,578,300,410.9266666666667,229.5,0.9966666666666667,696.0663684255013,-0.49421183550054365,-0.466263014433174,0.03666666666666667,0.5175806367455189,-0.30607638113112,-0.2820575837466671,0.07,100,-0.36263178277253977,-0.2850067771869461,0.01,100,-0.8139273425979714,-0.814550843797012,0.03,100
hyp2-config-3s-0.json,3,random,151,447,598,300,499.06333333333333,283.5,1.0,718.1730439518639,-0.555365670573013,-0.4222632116982976,0.03333333333333333,0.5970073999783009,-0.3393996770226824,-0.2693823429189446,0.02,100,-0.34677185652695675,-0.24829992444108617,0.03,100,-0.9799254781694002,-1.0873001763041321,0.05,100
hyp2-config-40s-0.json,40,random,144,468,612,300,591.3833333333333,310.0,1.0,986.2189932927305,-0.4186200142450142,-0.36458333333333337,0.05333333333333334,0.5871740489661587,-0.2600160256410257,-0.3074252136752137,0.06,100,-0.24337072649572644,-0.24866452991452992,0.04,100,-0.7524732905982906,-0.6709401709401711,0.06,100
hyp2-config-41s-0.json,41,random,140,480,620,300,565.7433333333333,315.5,1.0,885.5987813115054,-0.6664414682539683,-0.5513392857142857,0.03333333333333333,0.6779183901794976,-0.43951190476190477,-0.4224702380952381,0.04,100,-0.4300863095238096,-0.4117559523809525,0.05,100,-1.1297261904761906,-0.9662202380952379,0.01,100
hyp2-config-42s-0.json,42,random,143,471,614,300,583.5933333333334,295.0,1.0,1026.9949057372467,-0.6684418907348844,-0.580107790298873,0.05333333333333334,0.7406449098789647,-0.42402164714266627,-0.38373940284768315,0.05,100,-0.3963781865692695,-0.29657921696138256,0.03,100,-1.1849258384927175,-1.3478315739462237,0.08,100
hyp2-config-43s-0.json,43,random,151,447,598,300,517.3633333333333,275.0,1.0,910.8296548694057,-0.5413669249497508,-0.4698875505578026,0.04,0.6463298620804369,-0.39486169755692857,-0.3647347289509164,0.03,100,-0.23266678519045292,-0.24275152969761604,0.05,100,-0.9965722921018713,-1.0034001511178277,0.04,100
hyp2-config-44s-0.json,44,random,157,429,586,300,377.06,248.0,1.0,631.3637173176413,-0.6676676614256233,-0.5220480156785889,0.02666666666666667,0.6670167750137268,-0.5067971731029057,-0.37259661781954767,0.01,100,-0.32215105488990836,-0.21772601071964126,0.02,100,-1.1740547562840558,-1.302198862708417,0.05,100
hyp2-config-45s-0.json,45,random,156,432,588,300,400.36,234.0,1.0,776.3170987808602,-0.7806712962962963,-0.6031873219373219,0.043333333333333335,0.8344991459065146,-0.43822649572649575,-0.37224002849002846,0.04,100,-0.3504594017094017,-0.3488247863247864,0.05,100,-1.5533279914529916,-1.636841168091168,0.04,100
hyp2-config-46s-0.json,46,random,144,468,612,300,549.6033333333334,308.0,1.0,979.829303604918,-0.46246082621082624,-0.3157051282051282,0.05333333333333334,0.6775495354723277,-0.23625000000000004,-0.2152777777777778,0.05,100,-0.19638354700854702,-0.20806623931623924,0.04,100,-0.9547489316239316,-1.048344017094017,0.07,100
hyp2-config-47s-0.json,47,random,151,447,598,300,386.41333333333336,267.5,1.0,626.3878897699014,-0.6753937705873347,-0.510481947345808,0.023333333333333334,0.6576133833711614,-0.432693008578159,-0.41109234484495605,0.03,100,-0.3353117916351838,-0.27259730062076837,0.02,100,-1.2581765115486614,-1.2768715646621331,0.02,100
hyp2-config-48s-0.json,48,random,134,498,632,300,718.7933333333333,351.5,1.0,1189.3001274978676,-0.5090061739495294,-0.42266079242342514,0.07,0.6511407399186326,-0.27800305700413586,-0.2653599472516933,0.09,100,-0.24049781214409868,-0.20967451897140799,0.07,100,-1.0085176527003537,-1.0659803392675176,0.05,100
hyp2-config-49s-0.json,49,random,143,471,614,300,503.76666666666665,292.0,1.0,916.6646018016675,-0.7967262037325732,-0.6129496830133773,0.056666666666666664,0.7664832775112118,-0.5208304010214839,-0.4097144893323238,0.08,100,-0.38145917776491034,-0.3447804849078734,0.03,100,-1.4878890324113254,-1.5834483987350227,0.06,100
hyp2-config-4s-0.json,4,random,147,459,606,300,444.44,292.5,1.0,707.4044268618997,-0.69541594415544,-0.49012938508736814,0.02666666666666667,0.722854919978379,-0.43383575652483214,-0.4287715086034414,0.06,100,-0.3248245965052688,-0.23918456271397454,0.01,100,-1.327587479436219,-1.4554488462051487,0.01,100
hyp2-config-50s-0.json,50,misinfo_gt,150,450,600,300,463.15,272.0,1.0,849.4429578428221,-0.7403037037037037,-0.45444444444444454,0.04666666666666667,0.9194705596286433,-0.2635555555555556,-0.2255555555555555,0.06,100,-0.23919999999999994,-0.21000000000000008,0.07,100,-1.7181555555555557,-1.738888888888889,0.01,100
hyp2-config-51s-0.json,51,misinfo_gt,150,450,600,300,425.8933333333333,265.0,1.0,752.5209106899562,-0.7344444444444445,-0.5866666666666666,0.02666666666666667,0.7549353805976731,-0.4821111111111112,-0.41888888888888887,0.03,100,-0.4473333333333334,-0.2788888888888889,0.02,100,-1.2738888888888888,-1.258888888888889,0.03,100
hyp2-config-52s-0.json,52,misinfo_gt,150,450,600,300,445.9533333333333,271.5,1.0,810.3176290950953,-0.6038370370370371,-0.43000000000000005,0.03666666666666667,0.6607467818323062,-0.28766666666666657,-0.2899999999999999,0.07,100,-0.32195555555555555,-0.21000000000000013,0.03,100,-1.2018888888888888,-1.2066666666666666,0.01,100
hyp2-config-53s-0.json,53,misinfo_gt,150,450,600,300,482.76,267.0,1.0,906.9758355588231,-0.7235555555555556,-0.5755555555555556,0.05333333333333334,0.7986138327389684,-0.41275555555555565,-0.3355555555555556,0.05,100,-0.3529555555555555,-0.24555555555555564,0.05,100,-1.4049555555555557,-1.5488888888888888,0.06,100
hyp2-config-54s-0.json,54,misinfo_gt,150,450,600,300,554.9266666666666,291.0,1.0,757.6078096656896,-0.46992592592592586,-0.38222222222222224,0.056666666666666664,0.5398463440416522,-0.4073111111111112,-0.33555555555555555,0.06,100,-0.17273333333333338,-0.20111111111111113,0.08,100,-0.8297333333333333,-0.8200000000000003,0.03,100
hyp2-config-55s-0.json,55,misinfo_gt,150,450,600,300,397.4433333333333,270.0,1.0,652.6358494306728,-0.6059629629629629,-0.43888888888888894,0.023333333333333334,0.6130566768782958,-0.4090444444444444,-0.3433333333333334,0.02,100,-0.20679999999999998,-0.19444444444444453,0.04,100,-1.2020444444444445,-1.1555555555555557,0.01,100
hyp2-config-56s-0.json,56,misinfo_gt,150,450,600,300,437.06666666666666,268.0,1.0,727.7940938427091,-0.7655703703703703,-0.6722222222222223,0.04,0.7128558235643372,-0.5657333333333333,-0.4755555555555555,0.05,100,-0.4053333333333333,-0.33444444444444443,0.03,100,-1.3256444444444444,-1.3155555555555554,0.04,100
hyp2-config-57s-0.json,57,misinfo_gt,150,450,600,300,494.13,293.5,1.0,677.218721751179,-0.28858518518518517,-0.23444444444444446,0.03,0.44395174095789347,-0.20273333333333332,-0.19777777777777772,0.03,100,-0.2171777777777778,-0.17000000000000004,0.02,100,-0.44584444444444443,-0.35777777777777775,0.04,100
hyp2-config-58s-0.json,58,misinfo_gt,150,450,600,300,393.72333333333336,252.0,1.0,732.1346944551748,-0.8921703703703704,-0.6288888888888888,0.03,0.9197271126320582,-0.4215555555555555,-0.31333333333333335,0.04,100,-0.45095555555555555,-0.33111111111111113,0.02,100,-1.804,-1.902222222222222,0.03,100
hyp2-config-59s-0.json,59,misinfo_gt,150,450,600,300,451.92,266.0,1.0,759.4413984803255,-0.6497481481481482,-0.5044444444444444,0.03666666666666667,0.6425916438571658,-0.4106444444444445,-0.3766666666666668,0.03,100,-0.3415333333333333,-0.29000000000000004,0.04,100,-1.1970666666666665,-1.2677777777777777,0.04,100
hyp2-config-5s-0.json,5,random,131,507,638,300,614.09,371.0,1.0,942.7588607193691,-0.515047201770631,-0.45768402667991626,0.03666666666666667,0.581129202836209,-0.27951006519415206,-0.19230016411460926,0.04,100,-0.3599247180691691,-0.2291356128701989,0.05,100,-0.9057068220485719,-0.8724197118207688,0.02,100
hyp2-config-60s-0.json,60,misinfo_gt,150,450,600,300,608.2833333333333,284.0,1.0,1028.6282727336989,-0.3720074074074074,-0.39555555555555555,0.06333333333333334,0.5790819999092361,-0.2824888888888889,-0.26,0.07,100,-0.23668888888888887,-0.22444444444444445,0.06,100,-0.5968444444444444,-0.6944444444444446,0.06,100
hyp2-config-61s-0.json,61,misinfo_gt,150,450,600,300,479.22333333333336,275.0,1.0,846.0807460787493,-0.6653703703703704,-0.42111111111111116,0.043333333333333335,0.7689705839478592,-0.3723111111111112,-0.32333333333333336,0.05,100,-0.2657555555555556,-0.19555555555555565,0.03,100,-1.3580444444444446,-1.4655555555555555,0.05,100
hyp2-config-62s-0.json,62,misinfo_gt,150,450,600,300,384.78,276.0,1.0,613.6343880035313,-0.5929925925925926,-0.4477777777777777,0.023333333333333334,0.6148467820940169,-0.33577777777777773,-0.3355555555555555,0.04,100,-0.3020888888888889,-0.20333333333333342,0.02,100,-1.141111111111111,-1.07,0.01,100
hyp2-config-63s-0.json,63,misinfo_gt,150,450,600,300,540.9266666666666,283.0,1.0,918.4979493164645,-0.6780592592592594,-0.3422222222222222,0.06,0.8679541760118519,-0.32257777777777774,-0.2544444444444445,0.06,100,-0.22871111111111112,-0.1922222222222223,0.05,100,-1.4828888888888887,-1.5077777777777777,0.07,100
hyp2-config-64s-0.json,64,misinfo_gt,150,450,600,300,474.5233333333333,278.0,1.0,855.889407799571,-0.5972222222222222,-0.3744444444444444,0.04,0.7247418330948484,-0.3024,-0.20666666666666667,0.04,100,-0.28006666666666663,-0.1922222222222223,0.03,100,-1.2091999999999998,-1.36,0.05,100
hyp2-config-65s-0.json,65,misinfo_gt,150,450,600,300,550.3266666666667,266.0,1.0,999.3559096083433,-0.6821777777777778,-0.6066666666666667,0.06333333333333334,0.7661090166505589,-0.5808444444444445,-0.4522222222222222,0.01,100,-0.30897777777777785,-0.3333333333333334,0.09,100,-1.1567111111111112,-1.3233333333333333,0.09,100
hyp2-config-66s-0.json,66,misinfo_gt,150,450,600,300,572.85,291.0,1.0,961.6385303446812,-0.44692592592592595,-0.27222222222222225,0.05,0.7548893484135715,-0.24226666666666663,-0.26111111111111107,0.03,100,-0.14853333333333338,-0.12888888888888894,0.06,100,-0.9499777777777778,-0.8844444444444445,0.06,100
hyp2-config-67s-0.json,67,misinfo_gt,150,450,600,300,463.77666666666664,284.0,1.0,828.0994924243103,-0.5434444444444444,-0.40222222222222215,0.03333333333333333,0.6673810398965455,-0.3137777777777778,-0.2022222222222223,0.03,100,-0.24237777777777775,-0.22111111111111104,0.04,100,-1.074177777777778,-1.048888888888889,0.03,100
hyp2-config-68s-0.json,68,misinfo_gt,150,450,600,300,444.62,297.0,1.0,646.1263704223687,-0.47847407407407405,-0.2933333333333332,0.043333333333333335,0.620008491630814,-0.22744444444444448,-0.09888888888888897,0.07,100,-0.2095111111111111,-0.09555555555555562,0.04,100,-0.9984666666666666,-0.9144444444444444,0.02,100
hyp2-config-69s-0.json,69,misinfo_gt,150,450,600,300,470.7866666666667,286.0,1.0,791.5773135328528,-0.536325925925926,-0.38,0.043333333333333335,0.7305206009632256,-0.28919999999999996,-0.23222222222222222,0.06,100,-0.1626222222222222,-0.15777777777777774,0.05,100,-1.1571555555555557,-1.1933333333333334,0.02,100
hyp2-config-6s-0.json,6,random,165,405,570,300,279.0233333333333,207.0,0.9966666666666667,466.87020546549496,-0.6934343434343433,-0.6281705948372615,0.016666666666666666,0.6456633075354595,-0.4562536475869809,-0.31335578002244674,0.01,100,-0.3311358024691359,-0.19999999999999996,0.02,100,-1.2929135802469136,-1.3316498316498318,0.02,100
hyp2-config-70s-0.json,70,misinfo_gt,150,450,600,300,484.69,292.5,1.0,746.1796258364188,-0.5268814814814814,-0.4377777777777777,0.03333333333333333,0.6030675427786586,-0.3239333333333333,-0.2733333333333333,0.05,100,-0.19068888888888894,-0.1811111111111111,0.03,100,-1.0660222222222222,-1.0722222222222224,0.02,100
hyp2-config-71s-0.json,71,misinfo_gt,150,450,600,300,575.0566666666666,297.0,1.0,937.5438451939689,-0.5247925925925926,-0.2633333333333334,0.06666666666666667,0.7078365897516643,-0.20024444444444447,-0.12111111111111106,0.07,100,-0.18480000000000005,-0.1066666666666668,0.09,100,-1.1893333333333331,-1.27,0.04,100
hyp2-config-72s-0.json,72,misinfo_gt,150,450,600,300,496.9033333333333,284.0,1.0,689.9556143851775,-0.4858592592592592,-0.48444444444444446,0.023333333333333334,0.4549487288384247,-0.3455777777777778,-0.2188888888888889,0.02,100,-0.38962222222222215,-0.3255555555555556,0.02,100,-0.7223777777777778,-0.7488888888888889,0.03,100
hyp2-config-73s-0.json,73,misinfo_gt,150,450,600,300,457.75,265.0,1.0,825.7477289541338,-0.7627185185185186,-0.6733333333333332,0.043333333333333335,0.7676279932761827,-0.5337777777777777,-0.5011111111111111,0.04,100,-0.3915333333333333,-0.3077777777777778,0.04,100,-1.3628444444444443,-1.3744444444444444,0.05,100
hyp2-config-74s-0.json,74,misinfo_gt,150,450,600,300,374.3666666666667,257.5,1.0,684.4556699323662,-0.7902222222222222,-0.6233333333333333,0.03,0.7941883749229216,-0.5272,-0.4266666666666667,0.03,100,-0.3782888888888889,-0.3244444444444444,0.02,100,-1.4651777777777781,-1.468888888888889,0.04,100
hyp2-config-75s-0.json,75,misinfo_gt,150,450,600,300,514.3266666666667,294.5,1.0,770.2270958747301,-0.2690074074074074,-0.22666666666666657,0.043333333333333335,0.39487662239262017,-0.14675555555555556,-0.1333333333333333,0.04,100,-0.23742222222222228,-0.19444444444444442,0.02,100,-0.4228444444444444,-0.4555555555555557,0.07,100
hyp2-config-76s-0.json,76,misinfo_gt,150,450,600,300,430.29333333333335,273.0,1.0,776.0063316180222,-0.6649777777777778,-0.45444444444444443,0.03333333333333333,0.7631694396018883,-0.31695555555555555,-0.26888888888888896,0.04,100,-0.2800888888888889,-0.21777777777777785,0.05,100,-1.3978888888888887,-1.2111111111111112,0.01,100
hyp2-config-77s-0.json,77,misinfo_gt,150,450,600,300,485.16,296.0,1.0,661.9274589684695,-0.3692,-0.28888888888888875,0.03333333333333333,0.47006386972433384,-0.2658666666666667,-0.14444444444444438,0.04,100,-0.17266666666666666,-0.15888888888888886,0.03,100,-0.6690666666666667,-0.6777777777777776,0.03,100
hyp2-config-78s-0.json,78,misinfo_gt,150,450,600,300,430.1,272.5,1.0,679.4323447090146,-0.5920148148148149,-0.4555555555555556,0.03,0.5952365850018297,-0.37175555555555556,-0.3566666666666667,0.04,100,-0.27142222222222223,-0.2511111111111111,0.03,100,-1.132866666666667,-1.1555555555555554,0.02,100
hyp2-config-79s-0.json,79,misinfo_gt,150,450,600,300,449.8833333333333,277.0,1.0,782.006613912503,-0.7455925925925926,-0.5755555555555556,0.03333333333333333,0.8079636137541168,-0.5280888888888888,-0.4077777777777778,0.02,100,-0.21553333333333338,-0.2055555555555556,0.05,100,-1.493155555555556,-1.4855555555555557,0.03,100
hyp2-config-7s-0.json,7,random,171,387,558,300,324.4166666666667,159.0,0.9866666666666667,730.0663526830664,-0.7238301826918718,-0.6032231742146063,0.05,0.8253032765100607,-0.5238487692098464,-0.4379164966680267,0.02,100,-0.2662450700394397,-0.27029783761729914,0.08,100,-1.3813967088263288,-1.4529443764449885,0.05,100
hyp2-config-80s-0.json,80,misinfo_gt,150,450,600,300,537.6666666666666,297.0,1.0,911.0737695713183,-0.4765925925925925,-0.38,0.07666666666666666,0.7006604408219311,-0.19664444444444448,-0.1233333333333333,0.15,100,-0.12133333333333333,-0.06888888888888889,0.06,100,-1.1118,-1.1388888888888893,0.02,100
hyp2-config-81s-0.json,81,misinfo_gt,150,450,600,300,427.8933333333333,286.0,1.0,723.4655092671796,-0.5341777777777778,-0.3911111111111111,0.03666666666666667,0.6275313747087536,-0.29353333333333337,-0.24888888888888888,0.05,100,-0.2602888888888889,-0.22222222222222227,0.04,100,-1.0487111111111111,-0.8911111111111109,0.02,100
hyp2-config-82s-0.json,82,misinfo_gt,150,450,600,300,468.12,284.5,1.0,657.8990419748596,-0.4822814814814815,-0.37,0.02666666666666667,0.4700869825004104,-0.3017555555555555,-0.2744444444444445,0.03,100,-0.34748888888888885,-0.28555555555555556,0.02,100,-0.7976000000000002,-0.8477777777777777,0.03,100
hyp2-config-83s-0.json,83,misinfo_gt,150,450,600,300,438.38,260.0,1.0,855.8815570699263,-0.8533777777777778,-0.6122222222222222,0.043333333333333335,0.9452515918778684,-0.47922222222222216,-0.4077777777777777,0.06,100,-0.3302888888888889,-0.2255555555555555,0.04,100,-1.7506222222222223,-1.7855555555555558,0.03,100
hyp2-config-84s-0.json,84,misinfo_gt,150,450,600,300,536.78,280.0,1.0,895.4385287645304,-0.4814370370370371,-0.4077777777777778,0.04666666666666667,0.5995080982720311,-0.37853333333333333,-0.3088888888888889,0.02,100,-0.2370444444444445,-0.24777777777777776,0.08,100,-0.8287333333333333,-0.798888888888889,0.04,100
hyp2-config-85s-0.json,85,misinfo_gt,150,450,600,300,377.24333333333334,254.0,1.0,734.6387714634633,-0.750674074074074,-0.4111111111111112,0.03333333333333333,0.9297604224480059,-0.27266666666666667,-0.22555555555555556,0.04,100,-0.28984444444444446,-0.2911111111111111,0.03,100,-1.6895111111111114,-1.8866666666666667,0.03,100
hyp2-config-86s-0.json,86,misinfo_gt,150,450,600,300,441.54,284.0,1.0,749.7556893497872,-0.5280888888888889,-0.35111111111111104,0.03,0.6740041290995102,-0.28442222222222224,-0.27222222222222214,0.02,100,-0.2173555555555556,-0.1844444444444444,0.03,100,-1.0824888888888888,-1.0155555555555555,0.04,100
hyp2-config-87s-0.json,87,misinfo_gt,150,450,600,300,474.05,288.0,1.0,780.5818091028904,-0.3876222222222222,-0.27111111111111114,0.056666666666666664,0.5627759632734416,-0.2500444444444445,-0.16222222222222238,0.06,100,-0.22731111111111113,-0.18555555555555558,0.03,100,-0.6855111111111111,-0.7322222222222221,0.08,100
hyp2-config-88s-0.json,88,misinfo_gt,150,450,600,300,427.98,278.0,1.0,642.1022795406541,-0.6716148148148148,-0.5222222222222224,0.02666666666666667,0.628546121845578,-0.40871111111111114,-0.30999999999999994,0.04,100,-0.40453333333333324,-0.24333333333333335,0.02,100,-1.2016,-1.15,0.02,100
hyp2-config-89s-0.json,89,misinfo_gt,150,450,600,300,384.32666666666665,250.0,1.0,740.988565004287,-0.8028296296296296,-0.49,0.04,0.9291514459215672,-0.4083555555555555,-0.38444444444444437,0.05,100,-0.2908888888888889,-0.28222222222222226,0.03,100,-1.7092444444444446,-1.6277777777777778,0.04,100
hyp2-config-8s-0.json,8,random,152,444,596,300,465.31333333333333,276.0,1.0,844.7430761507139,-0.6169525446499131,-0.379771218587008,0.05333333333333334,0.8045744876322346,-0.32935040303461355,-0.19138217164532956,0.04,100,-0.35115339023233766,-0.20619962067330488,0.04,100,-1.170353840682788,-1.0892010431484116,0.08,100
hyp2-config-90s-0.json,90,misinfo_gt,150,450,600,300,426.17,276.5,1.0,611.4750254828873,-0.4219777777777778,-0.4177777777777778,0.02,0.3954933243044014,-0.36119999999999997,-0.38111111111111107,0.02,100,-0.2972000000000001,-0.2777777777777779,0.01,100,-0.6075333333333334,-0.6155555555555556,0.03,100
hyp2-config-91s-0.json,91,misinfo_gt,150,450,600,300,358.2966666666667,255.0,1.0,597.9665055794277,-0.8514148148148148,-0.6077777777777778,0.02,0.7978589520800584,-0.5679777777777777,-0.40777777777777774,0.02,100,-0.3057555555555555,-0.2766666666666667,0.03,100,-1.6805111111111115,-1.6788888888888889,0.01,100
hyp2-config-92s-0.json,92,misinfo_gt,150,450,600,300,448.4166666666667,287.0,1.0,752.4642080103729,-0.6325555555555556,-0.42222222222222217,0.04666666666666667,0.7487430015797363,-0.23680000000000004,-0.2366666666666668,0.11,100,-0.23920000000000002,-0.20333333333333337,0.03,100,-1.4216666666666666,-1.3655555555555556,0.0,100
hyp2-config-93s-0.json,93,misinfo_gt,150,450,600,300,410.68333333333334,264.0,1.0,712.0597681611199,-0.7191481481481482,-0.5299999999999999,0.03,0.7848735609874592,-0.3738666666666668,-0.31666666666666676,0.04,100,-0.33055555555555555,-0.2844444444444445,0.03,100,-1.4530222222222218,-1.508888888888889,0.02,100
hyp2-config-94s-0.json,94,misinfo_gt,150,450,600,300,439.38,270.0,1.0,747.8207730658213,-0.6949333333333334,-0.4833333333333333,0.03,0.744405368780951,-0.4400666666666666,-0.38222222222222224,0.01,100,-0.3084888888888889,-0.2611111111111112,0.03,100,-1.3362444444444441,-1.5155555555555553,0.05,100
hyp2-config-95s-0.json,95,misinfo_gt,150,450,600,300,388.08666666666664,241.5,1.0,749.0810819798855,-0.8271259259259259,-0.6966666666666668,0.03666666666666667,0.7915601211245732,-0.5578,-0.49777777777777776,0.02,100,-0.44684444444444443,-0.39444444444444443,0.02,100,-1.4767333333333332,-1.5766666666666669,0.07,100
hyp2-config-96s-0.json,96,misinfo_gt,150,450,600,300,552.95,283.5,1.0,883.0297120754357,-0.4254444444444444,-0.3077777777777778,0.05333333333333334,0.5569320183380415,-0.2925333333333333,-0.21666666666666679,0.04,100,-0.23986666666666664,-0.19111111111111118,0.04,100,-0.7439333333333333,-0.8411111111111109,0.08,100
hyp2-config-97s-0.json,97,misinfo_gt,150,450,600,300,420.99333333333334,279.0,1.0,721.0593748291367,-0.6015851851851852,-0.2966666666666666,0.03,0.7521167656432594,-0.2628888888888889,-0.2122222222222221,0.03,100,-0.2424222222222223,-0.16222222222222227,0.02,100,-1.2994444444444446,-1.238888888888889,0.04,100
hyp2-config-98s-0.json,98,misinfo_gt,150,450,600,300,509.8666666666667,278.0,1.0,983.7120276789457,-0.6090666666666666,-0.27888888888888896,0.056666666666666664,0.9061502387416557,-0.20733333333333337,-0.16444444444444445,0.05,100,-0.18771111111111113,-0.13111111111111118,0.05,100,-1.4321555555555563,-1.4644444444444442,0.07,100
hyp2-config-99s-0.json,99,misinfo_gt,150,450,600,300,455.7733333333333,272.0,1.0,785.9101801902328,-0.6533185185185185,-0.44666666666666666,0.04,0.7283916693594061,-0.3299333333333334,-0.3166666666666667,0.07,100,-0.29604444444444444,-0.1955555555555556,0.01,100,-1.3339777777777784,-1.4,0.04,100
hyp2-config-9s-0.json,9,random,153,441,594,300,453.24333333333334,244.0,1.0,840.0594923124809,-0.7868796407451869,-0.6253834867280246,0.05333333333333334,0.8234065597511616,-0.48132586367880487,-0.3813525410164066,0.03,100,-0.3969361077764439,-0.3813525410164066,0.06,100,-1.4823769507803122,-1.4938642123516073,0.07,100
